{
  "project_info": {
    "project_number": "833481011550",
    "project_id": "shopapp-3b1f0",
    "storage_bucket": "shopapp-3b1f0.appspot.com"
  },
  "client": [
    {
      "client_info": {
        "mobilesdk_app_id": "1:833481011550:android:90b9397f60baa2840b1fcf",
        "android_client_info": {
          "package_name": "com.codingstuff.loginandsignup"
        }
      },
      "oauth_client": [
        {
          "client_id": "833481011550-oqmrh8h48g5pual0h0ca4n86eju4ae78.apps.googleusercontent.com",
          "client_type": 3
        }
      ],
      "api_key": [
        {
          "current_key": "AIzaSyAoM9f2k033edtGtoGj-Px0-m2NgFh5QL0"
        }
      ],
      "services": {
        "appinvite_service": {
          "other_platform_oauth_client": [
            {
              "client_id": "833481011550-oqmrh8h48g5pual0h0ca4n86eju4ae78.apps.googleusercontent.com",
              "client_type": 3
            }
          ]
        }
      }
    }
  ],
  "configuration_version": "1"
}